wavelength,watermilfoil,primrose,tule,soil,waterturbid,waterclear,npv,egeria,hyacinth,sagoturbid,pennywort,cattail,cabomba,curlyleaf,phragmites
376.859985,-0.004553,-0.003199,-0.008842,0.008917,-0.011999,-0.011446,0.031132,0.005357,0.014744,0.027803,0.001419,0.006658,0.007449,0.028332,-0.007509
381.869995,-0.015417,-0.003106,-0.016444,0.012445,0.004904,-0.00294,0.014463,-0.001955,0.00876,0.012476,0.007677,0.005494,0.005973,0.010638,-0.00887
386.880005,-0.007111,-0.004808,-0.011262,0.015792,0.001228,-0.003075,0.011186,0.00239,0.005316,0.012016,0.005406,0.002118,0.010795,0.01285,-0.006678
391.890015,-0.009787,-0.006674,-0.014249,0.014724,0.002945,-0.002326,0.007146,0.003189,0.00148,0.016122,0.011945,0.000963,0.011859,0.017461,-0.008511
396.890015,-0.006954,-0.006408,-0.009933,0.020982,0.003538,-0.002563,0.007001,0.001529,0.002664,0.015166,0.009184,0.002793,0.011172,0.014647,-0.009007
401.899994,-0.007367,-0.003786,-0.00817,0.019902,0.008684,-0.001035,0.008096,0.004069,0.004673,0.018262,0.011088,0.002746,0.010588,0.016216,-0.004872
406.910004,-0.002912,0.000099,-0.002853,0.025285,0.012132,0.001787,0.012396,0.005504,0.005312,0.020455,0.012865,0.005213,0.012258,0.017188,-0.001036
411.920013,-0.000929,0.001965,-0.001915,0.030493,0.012735,0.002953,0.017309,0.007486,0.00943,0.022311,0.014332,0.00726,0.012707,0.018242,0.000865
416.929993,0.000044,0.003895,-0.001595,0.033435,0.016975,0.005203,0.019458,0.010145,0.010449,0.024207,0.01774,0.007261,0.015087,0.019999,0.004236
421.940002,0.002389,0.006662,0.001092,0.037276,0.017801,0.006259,0.024291,0.010234,0.013597,0.025028,0.016912,0.010348,0.016518,0.021163,0.007262
426.950012,0.002377,0.008931,0.003557,0.042744,0.022106,0.007357,0.027305,0.011575,0.015085,0.027313,0.020988,0.011522,0.01772,0.022754,0.008298
431.959991,0.005357,0.01238,0.006779,0.046149,0.022083,0.009566,0.032324,0.013315,0.018152,0.029278,0.023617,0.013121,0.017499,0.023074,0.011304
436.959991,0.006953,0.013362,0.005571,0.049725,0.024043,0.009712,0.035111,0.014077,0.019482,0.029641,0.024219,0.014839,0.01831,0.02357,0.014643
441.970001,0.00766,0.015381,0.008632,0.052397,0.025739,0.010587,0.038616,0.015361,0.018156,0.032241,0.025219,0.015201,0.017606,0.023067,0.015302
446.980011,0.008476,0.016243,0.008936,0.054904,0.02869,0.011494,0.042343,0.017355,0.01953,0.0337,0.025921,0.015659,0.018063,0.024441,0.018046
451.98999,0.009898,0.018806,0.011456,0.059421,0.029733,0.012408,0.046097,0.017344,0.021733,0.034615,0.028221,0.016909,0.019954,0.026171,0.01869
457,0.011855,0.019754,0.012459,0.061347,0.032912,0.01256,0.049257,0.018271,0.021868,0.037468,0.030029,0.017946,0.020116,0.026434,0.020803
462.01001,0.011513,0.022162,0.013233,0.063864,0.033813,0.014645,0.053622,0.020349,0.024353,0.03993,0.030995,0.019662,0.020949,0.026607,0.023114
467.019989,0.012667,0.022667,0.015873,0.067193,0.035213,0.01461,0.058206,0.019962,0.024689,0.040529,0.0313,0.020176,0.02151,0.02685,0.024789
472.019989,0.013611,0.024413,0.016451,0.068433,0.036959,0.015016,0.060623,0.020522,0.025504,0.042472,0.033014,0.019356,0.021529,0.027991,0.024496
477.029999,0.013395,0.024631,0.016737,0.072907,0.039127,0.016059,0.064895,0.020674,0.026325,0.043496,0.033507,0.02192,0.021101,0.028803,0.026161
482.040009,0.015643,0.025911,0.018501,0.075156,0.041568,0.017004,0.068867,0.022077,0.027145,0.046366,0.033252,0.02221,0.022557,0.029295,0.028371
487.049988,0.014917,0.027122,0.018692,0.078109,0.043823,0.017431,0.072412,0.022509,0.027731,0.04727,0.034074,0.023359,0.022447,0.029102,0.028963
492.059998,0.015311,0.027145,0.019262,0.080883,0.044392,0.017251,0.074403,0.023447,0.028317,0.04918,0.034789,0.022965,0.022479,0.030036,0.029838
497.070007,0.016313,0.028574,0.019538,0.081742,0.046243,0.017639,0.077934,0.024408,0.028062,0.049724,0.035325,0.023805,0.022,0.030709,0.030748
502.079987,0.016898,0.030504,0.020297,0.084131,0.046356,0.01841,0.080567,0.024067,0.029402,0.052043,0.037841,0.023861,0.021995,0.02935,0.032949
507.089996,0.01553,0.030639,0.021465,0.086396,0.04685,0.017741,0.082321,0.025498,0.031409,0.052638,0.037874,0.024452,0.022273,0.030152,0.033341
512.090027,0.017617,0.033975,0.022255,0.087321,0.047077,0.018101,0.085082,0.026694,0.033873,0.05308,0.040382,0.025767,0.022103,0.029847,0.035642
517.099976,0.01813,0.039146,0.025441,0.088913,0.048676,0.018801,0.088287,0.029421,0.03671,0.054859,0.04675,0.028221,0.022635,0.030558,0.039346
522.109985,0.017935,0.045137,0.026481,0.091716,0.049554,0.019402,0.090025,0.031222,0.042137,0.056823,0.053461,0.030297,0.024024,0.029858,0.043672
527.119995,0.019687,0.052592,0.027518,0.094774,0.051098,0.019247,0.094121,0.033744,0.047352,0.058702,0.062227,0.03297,0.023541,0.030532,0.049159
532.130005,0.019582,0.058038,0.029096,0.096315,0.05182,0.020193,0.096474,0.035945,0.052249,0.059425,0.070486,0.036739,0.023802,0.030791,0.05281
537.140015,0.019988,0.062006,0.030956,0.096688,0.05401,0.020466,0.099359,0.036654,0.056264,0.06083,0.074089,0.038936,0.023351,0.030379,0.057062
542.150024,0.020655,0.066445,0.032897,0.098275,0.054507,0.020378,0.102372,0.038359,0.060286,0.062086,0.077775,0.039357,0.024289,0.030715,0.060502
547.150024,0.020467,0.068347,0.033407,0.100292,0.054858,0.020799,0.106402,0.038372,0.061997,0.062732,0.080407,0.040431,0.024143,0.031087,0.062205
552.159973,0.021263,0.070435,0.033538,0.102223,0.055902,0.021209,0.108603,0.039388,0.06361,0.064817,0.08243,0.042067,0.023538,0.031202,0.064203
557.169983,0.021089,0.070421,0.034217,0.104093,0.056559,0.021194,0.112455,0.03968,0.064425,0.06491,0.082497,0.042246,0.024421,0.030797,0.06676
562.179993,0.02088,0.069534,0.033689,0.105794,0.05767,0.020797,0.115244,0.039562,0.061758,0.065599,0.080489,0.042013,0.024542,0.031372,0.066824
567.190002,0.021575,0.067134,0.033645,0.105379,0.057298,0.020901,0.118343,0.038143,0.059966,0.066469,0.077548,0.04152,0.023928,0.032056,0.065066
572.200012,0.020894,0.061222,0.032025,0.106355,0.057174,0.020564,0.122034,0.035647,0.055998,0.065104,0.070158,0.039231,0.02288,0.031329,0.063239
577.210022,0.021057,0.057468,0.032532,0.10713,0.056927,0.020089,0.12499,0.034619,0.05229,0.066272,0.065877,0.037766,0.022688,0.030424,0.062971
582.219971,0.021485,0.055815,0.031002,0.10847,0.056976,0.020034,0.128423,0.034223,0.049251,0.066209,0.062777,0.038058,0.022418,0.030982,0.060636
587.219971,0.021945,0.054999,0.032155,0.11164,0.055742,0.019648,0.13308,0.033422,0.048514,0.06284,0.05997,0.038179,0.021401,0.030441,0.061624
592.22998,0.022014,0.054043,0.031697,0.112391,0.054206,0.018991,0.135782,0.032732,0.047802,0.059635,0.058921,0.039526,0.02131,0.030042,0.061954
597.23999,0.022448,0.052934,0.03195,0.114153,0.051373,0.018083,0.140606,0.03212,0.046317,0.058639,0.057527,0.037724,0.022166,0.029563,0.062038
602.25,0.021679,0.051767,0.03103,0.11515,0.050756,0.017828,0.145234,0.031793,0.045526,0.057428,0.056212,0.038742,0.021481,0.0288,0.062919
607.26001,0.021307,0.050367,0.030119,0.116326,0.049053,0.016813,0.148296,0.031074,0.044581,0.056124,0.054231,0.037574,0.021735,0.027853,0.060439
612.27002,0.021869,0.048201,0.030392,0.116742,0.048779,0.017039,0.151592,0.030141,0.042432,0.056349,0.052979,0.036456,0.021938,0.027269,0.06058
617.280029,0.02088,0.046456,0.029901,0.117588,0.048639,0.01654,0.155656,0.029954,0.040379,0.056822,0.050368,0.036334,0.020722,0.026916,0.058691
622.280029,0.021688,0.045295,0.029829,0.118791,0.047077,0.016582,0.159251,0.029141,0.039832,0.055362,0.049762,0.036425,0.020411,0.027243,0.058533
627.289978,0.021658,0.045067,0.030146,0.119166,0.046997,0.016155,0.16355,0.028459,0.039548,0.055317,0.050171,0.036671,0.020557,0.026431,0.05714
632.299988,0.020926,0.045145,0.03036,0.119861,0.046533,0.016011,0.167361,0.028998,0.039573,0.054065,0.04889,0.037522,0.020262,0.026157,0.057695
637.309998,0.021429,0.044883,0.030625,0.121623,0.047123,0.015876,0.173247,0.027913,0.038302,0.054134,0.048283,0.037512,0.020131,0.025641,0.059439
642.320007,0.020575,0.043103,0.030097,0.123671,0.046734,0.015759,0.177853,0.027267,0.037589,0.053925,0.046559,0.036866,0.019722,0.025532,0.058121
647.330017,0.019524,0.041489,0.03049,0.123964,0.045271,0.015544,0.180547,0.025922,0.036249,0.053044,0.044575,0.03684,0.019381,0.025755,0.05815
652.340027,0.020516,0.039937,0.029933,0.126968,0.045013,0.015751,0.184539,0.025493,0.034938,0.051802,0.043189,0.036836,0.019457,0.024972,0.0556
657.349976,0.020207,0.038329,0.029017,0.126931,0.043337,0.015247,0.191453,0.025059,0.033382,0.050837,0.040699,0.035569,0.019728,0.023661,0.055464
662.349976,0.019052,0.035634,0.028743,0.127805,0.043656,0.014762,0.194784,0.024344,0.032201,0.04876,0.039709,0.035056,0.018774,0.023627,0.052688
667.359985,0.018525,0.033418,0.027759,0.129746,0.041186,0.014321,0.200805,0.02369,0.030248,0.050227,0.039446,0.03406,0.018412,0.022826,0.051606
672.369995,0.018975,0.032874,0.027521,0.132238,0.040599,0.014667,0.20517,0.022177,0.030033,0.049701,0.038142,0.034515,0.018377,0.023239,0.051158
677.380005,0.017582,0.032362,0.027748,0.13166,0.039566,0.013906,0.208378,0.023332,0.029402,0.0481,0.037098,0.03444,0.017806,0.021861,0.049769
682.390015,0.018971,0.033926,0.027467,0.132924,0.03955,0.014169,0.214303,0.024265,0.029381,0.047728,0.038849,0.035072,0.018387,0.021667,0.051577
687.400024,0.020843,0.037115,0.029593,0.133861,0.038763,0.013405,0.217636,0.027211,0.032971,0.04513,0.040968,0.037653,0.019712,0.022017,0.056058
692.409973,0.024687,0.047714,0.032909,0.135048,0.038688,0.013373,0.223528,0.032417,0.040573,0.043132,0.053374,0.04307,0.021421,0.022665,0.06513
697.409973,0.028946,0.068633,0.038933,0.13723,0.036712,0.013516,0.22935,0.039409,0.057728,0.042531,0.076688,0.051153,0.025466,0.024326,0.082128
702.419983,0.033565,0.097275,0.048314,0.140225,0.035719,0.013278,0.234657,0.048498,0.081983,0.041678,0.111941,0.062929,0.029286,0.025994,0.100015
707.429993,0.037439,0.13183,0.058322,0.14116,0.033762,0.01336,0.239353,0.05803,0.111299,0.040871,0.152139,0.076869,0.03322,0.025885,0.118234
712.440002,0.039168,0.169698,0.070983,0.142721,0.03049,0.012772,0.24458,0.068991,0.145648,0.038201,0.19841,0.093002,0.035875,0.02587,0.137459
717.450012,0.041453,0.215204,0.085135,0.143849,0.029436,0.012314,0.248225,0.078389,0.187303,0.030735,0.245181,0.112292,0.036698,0.024617,0.157275
722.460022,0.043525,0.267602,0.103075,0.146457,0.024985,0.012318,0.253217,0.085641,0.241186,0.028339,0.302365,0.136476,0.03806,0.022948,0.177467
727.469971,0.042989,0.316721,0.121444,0.148004,0.023574,0.011878,0.258905,0.090462,0.298736,0.025631,0.352487,0.16035,0.039442,0.021341,0.196283
732.47998,0.043571,0.361109,0.137128,0.14879,0.02102,0.012177,0.263521,0.093899,0.357365,0.026077,0.399314,0.180727,0.041328,0.020262,0.212588
737.47998,0.043683,0.391554,0.149853,0.149671,0.021735,0.013261,0.267287,0.093884,0.406391,0.02625,0.427395,0.198982,0.041469,0.020737,0.225573
742.48999,0.044699,0.419455,0.159749,0.153144,0.021322,0.014132,0.27149,0.095375,0.451756,0.027009,0.450899,0.214024,0.043594,0.021834,0.236326
747.5,0.046234,0.440602,0.168246,0.152674,0.020829,0.013548,0.274281,0.095821,0.481372,0.026021,0.462624,0.222534,0.04531,0.02173,0.242487
752.51001,0.04629,0.455018,0.175761,0.154224,0.020292,0.013595,0.279793,0.096679,0.508766,0.027211,0.473008,0.23128,0.046092,0.021096,0.250378
757.52002,0.04653,0.461885,0.177829,0.154922,0.020375,0.013365,0.279518,0.094738,0.516566,0.026278,0.469201,0.23572,0.046173,0.020656,0.257879
762.530029,0.047499,0.454234,0.180163,0.155536,0.020128,0.013704,0.287862,0.095762,0.525417,0.027317,0.469995,0.239534,0.047342,0.021465,0.242732
767.539978,0.046384,0.468395,0.183396,0.154191,0.021033,0.013868,0.291396,0.100463,0.552623,0.025576,0.487626,0.249585,0.046245,0.01975,0.252128
772.539978,0.048723,0.47339,0.187417,0.156976,0.021083,0.013811,0.296329,0.098383,0.543715,0.027432,0.490883,0.248844,0.047402,0.021838,0.263576
777.549988,0.049182,0.477283,0.188954,0.159187,0.020861,0.013793,0.30177,0.099067,0.547961,0.027076,0.488999,0.250164,0.048285,0.021347,0.264505
782.559998,0.049553,0.478321,0.191615,0.161983,0.020654,0.014082,0.306294,0.098849,0.552514,0.027264,0.493667,0.253727,0.049292,0.021112,0.267005
787.570007,0.050193,0.484914,0.193872,0.161492,0.020904,0.013829,0.308398,0.100021,0.553348,0.026956,0.492035,0.254636,0.048731,0.021898,0.271263
792.580017,0.050765,0.484805,0.196159,0.162797,0.021229,0.013707,0.309689,0.100831,0.559497,0.027966,0.495251,0.260897,0.050277,0.021557,0.273582
797.590027,0.052767,0.487849,0.197749,0.164126,0.020471,0.013908,0.315522,0.101679,0.56308,0.028497,0.501757,0.260924,0.051351,0.021899,0.274323
802.599976,0.053399,0.490898,0.200068,0.161745,0.022221,0.013665,0.321375,0.103159,0.56703,0.027786,0.501524,0.264347,0.051403,0.021715,0.277449
807.609985,0.054386,0.491948,0.201539,0.164171,0.021444,0.013022,0.324217,0.103033,0.568639,0.028837,0.504305,0.26672,0.051747,0.022189,0.276477
812.609985,0.053731,0.499135,0.203642,0.165933,0.021175,0.012655,0.329628,0.102112,0.570531,0.026121,0.505963,0.268404,0.051149,0.021753,0.282074
817.619995,0.054619,0.499952,0.207285,0.167555,0.021119,0.01279,0.333192,0.102274,0.576338,0.024952,0.511522,0.271648,0.048954,0.021147,0.28178
822.630005,0.054316,0.501029,0.206295,0.16712,0.020643,0.01261,0.333471,0.101936,0.575352,0.024836,0.508935,0.274072,0.049726,0.020626,0.281575
827.640015,0.053087,0.50351,0.207894,0.16797,0.018982,0.013167,0.336793,0.100419,0.573859,0.023748,0.510376,0.2758,0.047784,0.0193,0.284691
832.650024,0.050685,0.500123,0.207983,0.168107,0.019685,0.012729,0.337512,0.097347,0.569297,0.023624,0.511643,0.276573,0.047489,0.01895,0.285896
837.659973,0.052705,0.497979,0.208104,0.168966,0.018915,0.013356,0.343842,0.098088,0.571567,0.023044,0.509466,0.279498,0.046824,0.019852,0.290299
842.669983,0.052101,0.499203,0.210132,0.169257,0.019694,0.014033,0.345944,0.0979,0.567386,0.023525,0.506814,0.281504,0.046911,0.020308,0.290745
847.669983,0.052041,0.502175,0.21079,0.170677,0.0194,0.014013,0.348225,0.096427,0.568714,0.022732,0.509514,0.282942,0.046851,0.01982,0.288392
852.679993,0.051547,0.500412,0.21269,0.17199,0.019394,0.013846,0.352284,0.095944,0.570617,0.023877,0.507502,0.285652,0.047811,0.019685,0.289413
857.690002,0.050395,0.501101,0.214828,0.174637,0.018389,0.01265,0.354828,0.096497,0.569773,0.023345,0.513443,0.290076,0.047305,0.018889,0.289259
862.700012,0.052047,0.504496,0.21618,0.173859,0.018311,0.013205,0.357097,0.096046,0.568106,0.022439,0.510569,0.290314,0.045894,0.01923,0.292478
867.710022,0.051573,0.505154,0.217277,0.173969,0.017213,0.013706,0.361007,0.095877,0.568321,0.023506,0.510438,0.290463,0.045451,0.018887,0.292395
872.719971,0.051091,0.502906,0.216042,0.17423,0.018298,0.013036,0.359812,0.094653,0.572124,0.021811,0.51345,0.292672,0.044644,0.01912,0.291108
877.72998,0.050715,0.505958,0.217662,0.175986,0.018155,0.013008,0.365243,0.094979,0.572051,0.022137,0.514952,0.297321,0.045116,0.019411,0.297084
882.73999,0.05037,0.509649,0.219679,0.17617,0.017489,0.01271,0.367579,0.094869,0.571933,0.022656,0.519399,0.299421,0.043648,0.019281,0.301975
887.73999,0.048623,0.513313,0.221052,0.176275,0.017077,0.013064,0.371368,0.093106,0.574777,0.020794,0.521661,0.302673,0.042305,0.018763,0.304022
892.75,0.048482,0.516349,0.223099,0.178712,0.01696,0.012601,0.371902,0.092904,0.5832,0.019725,0.520967,0.301623,0.041284,0.018543,0.306076
897.76001,0.048536,0.518068,0.22421,0.178534,0.016232,0.011888,0.372503,0.092533,0.580704,0.017079,0.521698,0.304277,0.038044,0.018848,0.305633
902.77002,0.046118,0.522265,0.223404,0.178599,0.016756,0.012092,0.374931,0.09294,0.581391,0.01911,0.529344,0.304658,0.038513,0.018153,0.307278
907.780029,0.046527,0.516063,0.223392,0.178132,0.015599,0.011366,0.373439,0.090674,0.577365,0.016609,0.523409,0.306189,0.036866,0.016706,0.314216
912.789978,0.046272,0.520239,0.229677,0.179257,0.015718,0.012035,0.379566,0.09167,0.582731,0.017349,0.526189,0.308836,0.034712,0.018206,0.310516
917.799988,0.044708,0.521858,0.230801,0.183267,0.01645,0.011447,0.385311,0.092789,0.582033,0.017398,0.536647,0.311258,0.033778,0.017631,0.312237
922.809998,0.042339,0.515025,0.223874,0.18258,0.015292,0.010974,0.381324,0.089515,0.571543,0.016444,0.522004,0.308235,0.033032,0.017001,0.314051
927.809998,0.038334,0.510516,0.228262,0.180484,0.014829,0.010302,0.381247,0.085896,0.569898,0.015102,0.529115,0.305517,0.029481,0.016584,0.318534
932.820007,0.039761,0.504278,0.226088,0.180921,0.015064,0.01158,0.37815,0.077814,0.560048,0.016153,0.485643,0.299053,0.027695,0.018193,0.305606
937.830017,0.034651,0.503476,0.222163,0.18548,0.016899,0.00972,0.386758,0.083505,0.558275,0.016272,0.508718,0.303749,0.03035,0.019816,0.299676
942.840027,0.03378,0.496969,0.222435,0.184102,0.013755,0.010719,0.381133,0.078735,0.538707,0.015762,0.4923,0.297944,0.026732,0.016811,0.306539
947.849976,0.030593,0.498692,0.213891,0.185427,0.014307,0.011291,0.383783,0.077395,0.526418,0.015552,0.497415,0.291261,0.025343,0.015717,0.31521
952.859985,0.030502,0.479432,0.208295,0.184061,0.014821,0.010288,0.384188,0.072758,0.510723,0.015039,0.488784,0.285713,0.024345,0.014803,0.305433
957.869995,0.028321,0.473459,0.202785,0.182095,0.015968,0.010298,0.387288,0.069603,0.494806,0.014742,0.482511,0.281552,0.023109,0.014904,0.308597
962.869995,0.025625,0.471687,0.198892,0.185513,0.013169,0.010522,0.388253,0.069693,0.483602,0.01384,0.479098,0.281521,0.022063,0.015123,0.307935
967.880005,0.023537,0.461472,0.192719,0.185597,0.013726,0.010485,0.389882,0.069129,0.470341,0.013905,0.487435,0.277966,0.021778,0.015769,0.304078
972.890015,0.022779,0.458165,0.193311,0.186498,0.01448,0.010761,0.389246,0.067308,0.471705,0.015657,0.462059,0.270871,0.021278,0.016287,0.307114
977.900024,0.023661,0.455987,0.192204,0.186927,0.014599,0.010652,0.392649,0.066965,0.46467,0.014044,0.465593,0.274851,0.021893,0.015714,0.302911
982.909973,0.022774,0.462278,0.194889,0.191513,0.013629,0.010915,0.395183,0.06941,0.468048,0.015126,0.466426,0.275083,0.02097,0.015737,0.303018
987.919983,0.024358,0.460404,0.197479,0.190368,0.014236,0.011483,0.400723,0.069594,0.463209,0.015405,0.463968,0.277628,0.022001,0.015299,0.303931
992.929993,0.02409,0.461199,0.197158,0.189722,0.014425,0.011591,0.396278,0.069406,0.465648,0.01644,0.464743,0.279237,0.022078,0.016976,0.302926
997.940002,0.02475,0.464559,0.201664,0.191621,0.0143,0.0119,0.398207,0.070038,0.470085,0.01585,0.468707,0.282167,0.022616,0.016729,0.307353
1002.940002,0.025004,0.469038,0.203197,0.190901,0.014752,0.011625,0.402449,0.071667,0.475401,0.016885,0.468156,0.284253,0.02273,0.016568,0.307463
1007.950012,0.026648,0.473494,0.206413,0.193421,0.014208,0.01138,0.401166,0.072177,0.480505,0.016098,0.473435,0.288003,0.024087,0.016305,0.309638
1012.960022,0.026453,0.478881,0.210691,0.193904,0.014421,0.012111,0.401573,0.074547,0.488407,0.015377,0.480322,0.291379,0.024192,0.015879,0.309766
1017.969971,0.028811,0.48347,0.213532,0.193762,0.014758,0.011188,0.403849,0.07597,0.493108,0.015943,0.486493,0.295521,0.02473,0.01666,0.31054
1022.97998,0.029194,0.486625,0.217026,0.193626,0.014179,0.011361,0.404037,0.077265,0.502169,0.017299,0.491785,0.2997,0.024877,0.016745,0.31466
1027.98999,0.031026,0.490808,0.220104,0.195187,0.014068,0.012145,0.408861,0.07917,0.512709,0.016443,0.498086,0.304752,0.025834,0.016413,0.318625
1033,0.031748,0.495239,0.223574,0.196861,0.014193,0.012074,0.409663,0.079243,0.51867,0.016545,0.49672,0.309457,0.026043,0.016697,0.31645
1038,0.033304,0.497792,0.228171,0.196174,0.014453,0.012053,0.407392,0.081314,0.521822,0.017287,0.502113,0.312451,0.026653,0.01729,0.317422
1043.01001,0.03434,0.500258,0.22957,0.19688,0.014245,0.01134,0.411106,0.082423,0.531247,0.017481,0.505805,0.316479,0.027699,0.016185,0.318651
1048.02002,0.035866,0.504179,0.23356,0.197907,0.013875,0.012159,0.412268,0.084814,0.537205,0.016843,0.508213,0.319835,0.029154,0.016418,0.321697
1053.030029,0.035529,0.50647,0.235479,0.19721,0.014454,0.011838,0.413279,0.08468,0.543562,0.017002,0.51355,0.323858,0.029345,0.016431,0.322466
1058.040039,0.038629,0.508657,0.23703,0.197491,0.014035,0.01239,0.415235,0.085377,0.546633,0.016732,0.514297,0.32897,0.029398,0.016894,0.324098
1063.050049,0.03836,0.510354,0.239123,0.198556,0.013974,0.012182,0.414774,0.085354,0.549274,0.017066,0.514078,0.330855,0.030474,0.016336,0.32148
1068.060059,0.038476,0.513193,0.237954,0.196715,0.01384,0.011601,0.418769,0.085953,0.5485,0.015707,0.513387,0.326414,0.030034,0.016114,0.322073
1073.069946,0.03943,0.515304,0.240053,0.198228,0.013912,0.011535,0.419181,0.086108,0.550999,0.016409,0.51853,0.331463,0.030397,0.016157,0.325204
1078.069946,0.039726,0.520672,0.244534,0.201546,0.013692,0.011348,0.419842,0.085789,0.55189,0.01562,0.519655,0.3308,0.028526,0.01608,0.327133
1083.079956,0.038085,0.521685,0.244197,0.20155,0.013955,0.011802,0.421239,0.085204,0.555959,0.015659,0.520643,0.333137,0.027955,0.016059,0.330126
1088.089966,0.036659,0.520638,0.245248,0.20074,0.013307,0.011372,0.421015,0.083632,0.553049,0.015948,0.523165,0.334509,0.026618,0.016161,0.328713
1093.099976,0.035537,0.519897,0.245294,0.202716,0.013867,0.010958,0.421573,0.08325,0.545841,0.014518,0.520629,0.335371,0.026382,0.016123,0.331815
1098.109985,0.03406,0.519731,0.243273,0.202489,0.013343,0.010204,0.422164,0.081425,0.54723,0.014276,0.519299,0.333782,0.02437,0.015123,0.333717
1103.119995,0.033096,0.517653,0.243846,0.202673,0.013223,0.010258,0.424018,0.079412,0.547713,0.012762,0.5209,0.333678,0.023226,0.014224,0.335102
1108.130005,0.0308,0.517433,0.24237,0.202378,0.011953,0.009551,0.418546,0.078604,0.542909,0.012974,0.517303,0.330616,0.020755,0.014468,0.338668
1113.130005,0.030306,0.511689,0.246425,0.200389,0.012017,0.009616,0.425263,0.07496,0.552379,0.010738,0.515224,0.330635,0.021093,0.014109,0.34468
1118.140015,0.034403,0.514267,0.241472,0.206967,0.01285,0.010902,0.425182,0.078949,0.537247,0.013654,0.51356,0.335117,0.023056,0.014433,0.332652
1123.150024,0.040256,0.493567,0.245247,0.213696,0.01463,0.012603,0.418955,0.07808,0.528182,0.014635,0.493638,0.318176,0.026829,0.017661,0.321769
1128.160034,0.032938,0.489527,0.222456,0.209453,0.010273,0.012842,0.426926,0.084853,0.513067,0.01546,0.499905,0.320425,0.024817,0.018248,0.317942
1133.170044,0.028516,0.486845,0.221624,0.20772,0.015555,0.012158,0.41949,0.072695,0.504884,0.014391,0.484932,0.305552,0.024764,0.01492,0.331132
1138.180054,0.024181,0.471107,0.204757,0.196324,0.01415,0.009112,0.412117,0.066383,0.465418,0.012745,0.467421,0.291276,0.019528,0.011424,0.318192
1143.189941,0.022016,0.455065,0.195488,0.198841,0.011852,0.009061,0.405074,0.06048,0.443446,0.012787,0.447643,0.269835,0.019237,0.012729,0.323821
1148.199951,0.024136,0.436221,0.188689,0.202681,0.012538,0.010887,0.412069,0.058975,0.422403,0.013151,0.441592,0.263215,0.018578,0.013402,0.31019
1153.199951,0.018446,0.427841,0.177349,0.201566,0.010603,0.007319,0.416197,0.055457,0.410587,0.010691,0.448679,0.256782,0.015917,0.013055,0.317846
1158.209961,0.017504,0.414921,0.168502,0.204511,0.010231,0.0091,0.413772,0.052524,0.395585,0.012035,0.433073,0.243545,0.014167,0.012384,0.306032
1163.219971,0.017071,0.404504,0.165,0.203285,0.010501,0.009197,0.412789,0.049765,0.381681,0.01037,0.416882,0.240456,0.013792,0.012241,0.301028
1168.22998,0.016181,0.403742,0.163178,0.20714,0.011477,0.008647,0.411958,0.049246,0.376559,0.010374,0.415374,0.235967,0.013877,0.012458,0.301691
1173.23999,0.016202,0.398276,0.163906,0.207789,0.011101,0.009423,0.410697,0.049707,0.369987,0.010896,0.41148,0.232083,0.014553,0.011485,0.299348
1178.25,0.016617,0.393827,0.159665,0.20928,0.010939,0.00926,0.408852,0.04766,0.364011,0.010603,0.404012,0.226941,0.014395,0.01256,0.297461
1183.26001,0.015913,0.395341,0.159217,0.210754,0.011085,0.009123,0.407935,0.047006,0.363077,0.010293,0.405123,0.227888,0.014351,0.011535,0.296811
1188.26001,0.014822,0.390871,0.157607,0.211086,0.011081,0.009634,0.405984,0.047624,0.359078,0.010674,0.404801,0.222996,0.013993,0.012699,0.295859
1193.27002,0.015726,0.388429,0.156999,0.209209,0.01168,0.009311,0.405945,0.046735,0.356344,0.009838,0.397625,0.222669,0.013954,0.012344,0.293014
1198.280029,0.015384,0.391428,0.15685,0.210455,0.011044,0.009408,0.406837,0.046588,0.357846,0.010571,0.395887,0.223238,0.013909,0.01209,0.294475
1203.290039,0.015417,0.385137,0.154694,0.208008,0.010647,0.009068,0.403971,0.046962,0.354456,0.010096,0.392618,0.220337,0.013905,0.012032,0.286987
1208.300049,0.015663,0.386252,0.155411,0.208638,0.01046,0.009172,0.40301,0.046814,0.355824,0.011008,0.394602,0.222627,0.013789,0.0117,0.289229
1213.310059,0.015809,0.390672,0.157302,0.209652,0.010843,0.008985,0.404533,0.046243,0.358468,0.009942,0.398776,0.223209,0.013616,0.011948,0.290649
1218.319946,0.015417,0.392217,0.158436,0.211421,0.011285,0.009252,0.408381,0.047713,0.357739,0.01026,0.398906,0.22492,0.01352,0.011804,0.295449
1223.329956,0.016178,0.394435,0.161069,0.21247,0.01141,0.009465,0.411055,0.047109,0.360222,0.010401,0.4014,0.22751,0.014255,0.012619,0.295078
1228.329956,0.015812,0.395283,0.162929,0.213836,0.010943,0.009799,0.414645,0.047634,0.361485,0.01154,0.405507,0.231344,0.013921,0.012562,0.29637
1233.339966,0.015769,0.399035,0.164595,0.214628,0.011764,0.009632,0.416074,0.048817,0.365768,0.011195,0.405473,0.236201,0.014162,0.012886,0.299501
1238.349976,0.016138,0.399111,0.167663,0.216638,0.011,0.010204,0.416896,0.048399,0.36659,0.011049,0.40548,0.237149,0.013836,0.012694,0.299548
1243.359985,0.015907,0.401389,0.16803,0.217726,0.011418,0.00979,0.419331,0.048949,0.367126,0.011506,0.407398,0.23869,0.014395,0.012512,0.298352
1248.369995,0.015978,0.402042,0.169262,0.217057,0.010932,0.010189,0.418557,0.04906,0.368814,0.011422,0.40883,0.239929,0.014243,0.012772,0.305822
1253.380005,0.016,0.403454,0.170731,0.215549,0.011176,0.010027,0.424666,0.04921,0.370268,0.010847,0.409388,0.24365,0.014503,0.012171,0.303039
1258.390015,0.016092,0.403263,0.170172,0.215148,0.01054,0.009736,0.42505,0.049397,0.37072,0.010455,0.403742,0.242986,0.014635,0.012486,0.303499
1263.390015,0.015178,0.398737,0.168572,0.211792,0.011187,0.010145,0.418412,0.048617,0.36684,0.010231,0.403198,0.240542,0.014466,0.011959,0.299864
1268.400024,0.016049,0.397697,0.169037,0.212774,0.010457,0.009259,0.420028,0.049799,0.368813,0.010767,0.404926,0.242612,0.014387,0.012356,0.295678
1273.410034,0.01592,0.404955,0.173083,0.214812,0.010193,0.009433,0.425803,0.050012,0.36987,0.010792,0.410508,0.245511,0.013858,0.011405,0.299556
1278.420044,0.015725,0.410028,0.174905,0.220384,0.01078,0.009847,0.429999,0.048803,0.373766,0.010446,0.413648,0.246656,0.014519,0.012173,0.308342
1283.430054,0.015761,0.407959,0.173436,0.221568,0.011609,0.010227,0.431798,0.048595,0.372871,0.009969,0.411619,0.248736,0.013651,0.012604,0.30923
1288.439941,0.016439,0.407807,0.17495,0.222103,0.011504,0.00984,0.432385,0.048203,0.37283,0.010449,0.411438,0.247456,0.013505,0.012394,0.309785
1293.449951,0.015388,0.40761,0.172927,0.223793,0.010967,0.010117,0.437726,0.046628,0.372133,0.010439,0.412436,0.246529,0.012927,0.012741,0.314554
1298.459961,0.015512,0.401179,0.170504,0.223091,0.010786,0.009229,0.433244,0.045863,0.365883,0.010022,0.408908,0.243009,0.013364,0.0123,0.314729
1303.459961,0.015144,0.403743,0.172863,0.22881,0.011417,0.010212,0.444486,0.044843,0.364757,0.010631,0.411725,0.246565,0.012793,0.0129,0.321718
1308.469971,0.014007,0.397866,0.167654,0.224793,0.010898,0.007889,0.43799,0.04252,0.356628,0.007011,0.406928,0.235362,0.009882,0.010862,0.313754
1313.47998,0.012427,0.392706,0.16164,0.22354,0.011087,0.007593,0.437703,0.039759,0.349455,0.006011,0.400493,0.233352,0.009321,0.010556,0.318546
1318.48999,0.012614,0.381973,0.156741,0.224657,0.010029,0.007783,0.440121,0.03779,0.334364,0.0059,0.386502,0.2222,0.008595,0.010978,0.309345
1323.5,0.012259,0.372346,0.149006,0.221646,0.009467,0.006912,0.433826,0.035926,0.320434,0.00495,0.377077,0.212853,0.007802,0.010632,0.304796
1328.51001,0.01128,0.3678,0.145477,0.21947,0.009504,0.006612,0.426381,0.033119,0.318581,0.004623,0.374902,0.20125,0.007192,0.009658,0.309795
1333.52002,0.01079,0.345151,0.13571,0.214069,0.009562,0.005599,0.418583,0.031886,0.301692,0.004566,0.363767,0.194283,0.006904,0.009659,0.298743
1338.52002,0.010877,0.337795,0.132588,0.216713,0.009611,0.005497,0.416212,0.030684,0.287675,0.004427,0.352858,0.186914,0.006628,0.010045,0.29575
1343.530029,0.011606,0.333751,0.1289,0.219207,0.009292,0.00534,0.419936,0.027447,0.283908,0.00375,0.340679,0.184751,0.007126,0.008663,0.295336
1348.540039,0.01572,0.347056,0.131353,0.241735,-0.001013,0.006687,0.411359,0.02016,0.281309,0.006692,0.331096,0.186583,0.010126,0.011654,0.30818
1353.550049,-0.011158,0.93881,0.40158,0.004686,-0.104116,-0.036585,0.052688,-0.116525,0.419073,-0.026035,1.003942,0.218482,-0.035076,-0.039939,1.330094
1358.560059,-0.007743,-0.093257,-2.341555,0.254393,-0.015352,-0.002094,-0.132238,-0.026936,-0.184378,-0.000477,-0.175311,-1.146274,-0.002713,0.008739,-0.086649
1363.569946,0.042493,0.039736,0.042977,0.043656,0.033301,0.009528,0.044971,0.044777,0.066587,0.001108,0.066551,0.066654,0.012883,0.029945,0.043272
1368.579956,0.01878,0.019372,0.021051,0.065581,0.013383,0.003921,0.021384,0.01807,0.019635,0.000645,0.016551,0.004604,0.003974,0.005708,0.021064
1373.589966,-0.022529,2.907783,-10.349686,-3.492243,-0.095165,-0.045688,-2.807599,-0.797167,-3.460417,-0.018661,-1.946739,-3.209897,-0.067328,0.057267,-11.016
1378.589966,0.078175,-0.69151,1.208853,1.107016,0.006169,0.011206,1.110631,0.276002,1.188622,0.005794,-0.941682,0.40654,0.014822,0.055321,-5.752218
1383.599976,0.026888,14.841098,0.341886,0.169331,0.007198,0.008513,0.189464,0.100319,0.260441,0.001284,0.258705,0.27466,0.008213,0.007856,-0.028992
1388.609985,0.058287,0.243131,0.255254,0.384992,0.005713,0.007629,0.394495,0.082146,0.539219,0.001598,0.775554,0.61912,0.002655,0.010204,0.410444
1393.619995,0.011584,0.290016,0.043298,0.419927,0.007218,0.008312,0.507191,0.143027,0.576915,0.001299,0.557833,0.401522,0.005623,0.008845,-0.117304
1398.630005,-0.005089,0.4204,0.106639,0.561657,0.056908,0.011592,0.677607,0.156949,0.63869,0.003392,0.986981,0.690779,0.008997,0.001385,0.283407
1403.640015,0.067483,0.244241,-0.069783,0.491035,0.034623,0.011736,0.571601,0.112975,0.485313,0.006054,0.798924,0.661094,0.011869,0.004176,0.27648
1408.650024,0.05416,0.311849,0.039283,0.348922,0.019664,0.02084,0.468661,0.163106,0.350779,0.0056,0.349488,0.443133,0.014588,0.039192,0.198729
1413.650024,0.002106,0.253618,0.098369,0.325332,0.036229,0.015392,0.512925,0.067868,0.286018,0.010827,0.297323,0.328116,0.01446,-0.001359,0.138074
1418.660034,0.050098,0.182658,0.063359,0.297731,0.025179,0.008504,0.540413,0.059364,0.287027,0.003305,0.390962,0.177892,0.012324,0.011982,0.051326
1423.670044,0.017569,0.155008,0.084822,0.22208,0.017825,0.005443,0.382301,0.044099,0.13396,0.004564,0.195938,0.152187,0.006529,0.012048,0.197666
1428.680054,0.024988,0.110531,0.040357,0.226129,0.009599,0.011355,0.307885,0.029565,0.106565,0.004489,0.145492,0.093422,0.007385,0.006522,0.15423
1433.689941,0.013393,0.108444,0.06702,0.236647,0.016384,0.009756,0.330335,0.022742,0.103926,0.003794,0.12425,0.101865,0.007957,0.005492,0.134622
1438.699951,0.01463,0.1133,0.040228,0.236307,0.006132,0.007963,0.30231,0.029099,0.098948,0.002901,0.124843,0.098036,0.006305,0.006704,0.136812
1443.709961,0.013669,0.102376,0.046618,0.219337,0.00719,0.004144,0.318713,0.023279,0.090079,0.003846,0.12839,0.062825,0.003689,0.013312,0.150961
1448.719971,0.012365,0.086014,0.050007,0.196732,0.006353,0.005273,0.290628,0.020345,0.073541,0.003411,0.104509,0.070366,0.005665,0.008124,0.116081
1453.719971,0.007823,0.081642,0.039678,0.207337,0.008629,0.005233,0.285021,0.016194,0.055041,0.003598,0.095378,0.05268,0.005101,0.007159,0.113417
1458.72998,0.006752,0.077604,0.043378,0.199673,0.006308,0.004064,0.280795,0.014793,0.049507,0.002421,0.089834,0.058171,0.003738,0.00607,0.110822
1463.73999,0.007746,0.079572,0.043691,0.208684,0.003997,0.004493,0.281745,0.013083,0.051847,0.002774,0.096061,0.054525,0.003378,0.006144,0.109673
1468.75,0.004137,0.083112,0.045532,0.213121,0.009899,0.005119,0.280838,0.017301,0.064735,0.002047,0.109907,0.063593,0.003813,0.005018,0.117164
1473.76001,0.009135,0.083472,0.04451,0.202702,0.00624,0.004445,0.285536,0.017247,0.059879,0.003186,0.097982,0.06082,0.004556,0.006596,0.113818
1478.77002,0.007816,0.086406,0.04295,0.206305,0.007259,0.006085,0.286984,0.014787,0.060555,0.002955,0.094852,0.060123,0.005401,0.008074,0.112247
1483.780029,0.008034,0.087601,0.043084,0.206198,0.005464,0.004041,0.282077,0.015642,0.06035,0.002857,0.099565,0.056129,0.004067,0.006216,0.117205
1488.780029,0.006744,0.089386,0.043248,0.207154,0.006498,0.005355,0.284335,0.013317,0.059382,0.003167,0.103168,0.057095,0.004259,0.005454,0.116024
1493.790039,0.006062,0.091542,0.042801,0.211829,0.005339,0.004832,0.291892,0.01347,0.059921,0.00283,0.101855,0.056875,0.004603,0.005223,0.115393
1498.800049,0.005709,0.092367,0.042432,0.212475,0.00584,0.005352,0.291582,0.012996,0.060128,0.002888,0.105411,0.056454,0.005464,0.005055,0.116121
1503.810059,0.006033,0.096531,0.045263,0.21617,0.005582,0.005223,0.2934,0.012772,0.061259,0.003748,0.108026,0.058166,0.005099,0.004989,0.12061
1508.819946,0.00591,0.100824,0.044904,0.216352,0.006331,0.005314,0.296072,0.013022,0.064535,0.004272,0.114827,0.059028,0.005171,0.005852,0.123918
1513.829956,0.005875,0.10387,0.045436,0.218609,0.006666,0.005692,0.296706,0.01331,0.068313,0.003844,0.119987,0.061473,0.004954,0.006493,0.12581
1518.839966,0.006122,0.108165,0.046753,0.217036,0.006176,0.005174,0.301271,0.013853,0.071251,0.003416,0.124138,0.062955,0.005839,0.005877,0.128871
1523.849976,0.006456,0.112387,0.04752,0.219588,0.006573,0.005871,0.301525,0.013793,0.074359,0.003974,0.126403,0.063859,0.005567,0.00646,0.131546
1528.849976,0.005822,0.117618,0.048536,0.218868,0.006647,0.005919,0.303071,0.013705,0.078343,0.004402,0.13313,0.065883,0.005837,0.006331,0.13457
1533.859985,0.006572,0.121053,0.04972,0.219746,0.006305,0.005995,0.304251,0.014329,0.081617,0.003969,0.136937,0.067441,0.00611,0.00703,0.138308
1538.869995,0.006732,0.125403,0.051298,0.218747,0.007196,0.006238,0.306633,0.014291,0.084725,0.004474,0.14174,0.068856,0.005874,0.006036,0.140875
1543.880005,0.006733,0.129376,0.051841,0.219532,0.006445,0.006349,0.30882,0.014223,0.090081,0.004162,0.146841,0.071307,0.006237,0.006729,0.142276
1548.890015,0.006712,0.134043,0.052382,0.219218,0.00731,0.006289,0.307711,0.014698,0.093217,0.00435,0.15156,0.072246,0.00631,0.006612,0.146911
1553.900024,0.006719,0.137084,0.053674,0.220303,0.007028,0.006364,0.308952,0.014831,0.098022,0.004669,0.155872,0.073873,0.006521,0.006804,0.149576
1558.910034,0.007147,0.14064,0.055311,0.220559,0.007133,0.006234,0.312429,0.015275,0.100663,0.004923,0.161811,0.076145,0.006671,0.007137,0.152371
1563.910034,0.006859,0.144373,0.056015,0.219364,0.006798,0.006415,0.308645,0.015861,0.104582,0.004843,0.165369,0.078618,0.006626,0.007363,0.157082
1568.920044,0.006747,0.14863,0.056484,0.218043,0.0076,0.006389,0.309509,0.01536,0.108132,0.004415,0.169728,0.07805,0.006405,0.006845,0.159801
1573.930054,0.006593,0.153004,0.058172,0.219898,0.007234,0.00612,0.312908,0.01589,0.11243,0.004265,0.175182,0.080596,0.007031,0.006996,0.159865
1578.939941,0.006946,0.155631,0.058672,0.219167,0.006449,0.006136,0.31513,0.016523,0.117018,0.004144,0.179569,0.082698,0.006476,0.007247,0.16162
1583.949951,0.007152,0.160177,0.060912,0.221227,0.006462,0.006273,0.316788,0.016693,0.119277,0.004507,0.183195,0.084406,0.006907,0.007215,0.1658
1588.959961,0.007103,0.1642,0.061524,0.222121,0.007118,0.006479,0.317801,0.016587,0.122881,0.004574,0.18677,0.085614,0.007058,0.007234,0.167456
1593.969971,0.007327,0.166708,0.062919,0.22206,0.007244,0.006373,0.320259,0.017111,0.125463,0.004516,0.192514,0.08665,0.006629,0.007308,0.170588
1598.97998,0.006643,0.170254,0.063919,0.222094,0.007351,0.006716,0.322608,0.017052,0.128812,0.004635,0.193875,0.089442,0.006936,0.007485,0.174407
1603.97998,0.00688,0.172564,0.064262,0.220552,0.006163,0.006752,0.326977,0.017594,0.13168,0.004108,0.198531,0.092071,0.007022,0.007565,0.176092
1608.98999,0.007162,0.176688,0.066133,0.222539,0.00697,0.006471,0.3282,0.017478,0.134056,0.005348,0.200508,0.092536,0.006847,0.007674,0.177594
1614,0.007577,0.179015,0.06745,0.224459,0.007325,0.006791,0.333431,0.017628,0.137141,0.005161,0.204222,0.094376,0.007193,0.007571,0.180731
1619.01001,0.007147,0.182521,0.067621,0.224268,0.006972,0.006836,0.336279,0.018296,0.140453,0.004929,0.207671,0.096245,0.006993,0.007727,0.183103
1624.02002,0.007912,0.182854,0.068424,0.225166,0.007467,0.006976,0.339592,0.018361,0.144457,0.004995,0.210954,0.098507,0.007319,0.008107,0.186223
1629.030029,0.007846,0.185213,0.069724,0.226155,0.007496,0.006932,0.337973,0.018875,0.144283,0.005469,0.211875,0.099525,0.006693,0.007805,0.188333
1634.040039,0.007706,0.185816,0.070269,0.225571,0.007242,0.006675,0.340655,0.018674,0.146298,0.00497,0.213605,0.099557,0.007188,0.007601,0.18956
1639.040039,0.007967,0.188486,0.071897,0.225693,0.00721,0.007256,0.340501,0.018686,0.148407,0.004785,0.214883,0.101208,0.006966,0.007939,0.191451
1644.050049,0.00771,0.19038,0.073143,0.227063,0.007719,0.007025,0.340529,0.019036,0.150104,0.005229,0.218167,0.102566,0.007109,0.008295,0.192666
1649.060059,0.008163,0.192189,0.073555,0.226335,0.006888,0.006827,0.342458,0.018806,0.152373,0.00522,0.219683,0.102892,0.006993,0.007796,0.193394
1654.069946,0.007414,0.192038,0.073685,0.226083,0.00737,0.006818,0.344137,0.018783,0.153934,0.005195,0.22143,0.103287,0.007218,0.007561,0.194546
1659.079956,0.008441,0.193964,0.073319,0.226347,0.007132,0.00673,0.343699,0.019111,0.155234,0.00509,0.223121,0.103326,0.007095,0.007883,0.198755
1664.089966,0.007694,0.193328,0.073488,0.227112,0.007752,0.007147,0.345775,0.01912,0.154964,0.004614,0.22446,0.102361,0.007428,0.007942,0.195343
1669.099976,0.007477,0.193329,0.072354,0.224744,0.007289,0.007116,0.343133,0.019422,0.154894,0.004862,0.226093,0.10254,0.007406,0.007635,0.193683
1674.109985,0.007517,0.193645,0.072567,0.225516,0.007008,0.006874,0.33652,0.01966,0.15646,0.00506,0.223327,0.1011,0.006908,0.007451,0.193394
1679.109985,0.008064,0.195214,0.072212,0.22779,0.006226,0.006684,0.336982,0.019267,0.156072,0.005101,0.224568,0.102707,0.006659,0.007902,0.194069
1684.119995,0.007894,0.19379,0.071547,0.227597,0.00722,0.006671,0.333339,0.019321,0.155808,0.004443,0.223666,0.102052,0.007046,0.007865,0.193126
1689.130005,0.007847,0.194073,0.072918,0.225665,0.007987,0.007004,0.331647,0.019056,0.155379,0.005256,0.223046,0.101949,0.007186,0.007301,0.190937
1694.140015,0.00752,0.192721,0.071288,0.225535,0.007729,0.006712,0.329471,0.019244,0.155952,0.004523,0.220615,0.100285,0.0071,0.007916,0.192342
1699.150024,0.007406,0.191145,0.070394,0.22648,0.007527,0.006796,0.32836,0.01909,0.154571,0.004796,0.220276,0.099309,0.006833,0.007371,0.189585
1704.160034,0.008317,0.188318,0.070455,0.224571,0.007603,0.006514,0.329216,0.018938,0.152501,0.004386,0.221416,0.098786,0.006827,0.007061,0.190983
1709.170044,0.007724,0.186209,0.06967,0.226062,0.007092,0.00669,0.326041,0.018638,0.153323,0.004377,0.220799,0.097318,0.0072,0.007644,0.187754
1714.170044,0.00707,0.184401,0.068933,0.224737,0.00677,0.006817,0.323288,0.01862,0.151335,0.004166,0.21847,0.095799,0.00707,0.007703,0.185687
1719.180054,0.007373,0.184954,0.068645,0.226222,0.006939,0.006768,0.321759,0.018199,0.149099,0.00482,0.214825,0.095709,0.006424,0.007636,0.184083
1724.189941,0.007354,0.188845,0.067472,0.222716,0.006712,0.006464,0.320049,0.018394,0.148273,0.004584,0.212884,0.094098,0.006524,0.007124,0.180341
1729.199951,0.006721,0.190378,0.066624,0.22502,0.00687,0.006369,0.321319,0.017871,0.144271,0.004655,0.209716,0.093223,0.005889,0.007256,0.180374
1734.209961,0.007339,0.189487,0.066562,0.224924,0.006719,0.006334,0.320452,0.016888,0.142589,0.004576,0.207896,0.091983,0.006265,0.007193,0.181426
1739.219971,0.00746,0.185172,0.066052,0.222919,0.006372,0.005823,0.322877,0.017296,0.138736,0.004182,0.206356,0.092698,0.006587,0.007505,0.181565
1744.22998,0.007405,0.177622,0.065002,0.224073,0.006454,0.00638,0.321783,0.016841,0.13574,0.00389,0.203178,0.091014,0.006399,0.00686,0.179539
1749.23999,0.007113,0.171083,0.064031,0.225028,0.006785,0.006487,0.324646,0.0167,0.133832,0.004004,0.199411,0.091604,0.006512,0.006715,0.175725
1754.23999,0.00676,0.168941,0.064105,0.22436,0.00592,0.006072,0.32355,0.01626,0.132229,0.003822,0.196722,0.090299,0.005971,0.00744,0.176524
1759.25,0.00629,0.16534,0.062552,0.222268,0.005886,0.006163,0.321896,0.016317,0.128177,0.004352,0.191554,0.087697,0.005933,0.007024,0.174958
1764.26001,0.007803,0.164545,0.061783,0.219632,0.006589,0.005921,0.31855,0.016142,0.12637,0.00361,0.190029,0.086634,0.005343,0.006703,0.172893
1769.27002,0.006501,0.160232,0.062838,0.218726,0.005312,0.005033,0.319506,0.01608,0.124856,0.003812,0.188723,0.087038,0.005749,0.006278,0.171529
1774.280029,0.007207,0.159495,0.062421,0.21981,0.005805,0.005473,0.31616,0.015051,0.121418,0.002857,0.187903,0.085717,0.005302,0.006014,0.171636
1779.290039,0.006724,0.159743,0.062005,0.215765,0.005626,0.005041,0.318779,0.014608,0.12211,0.003691,0.187459,0.085934,0.004848,0.005793,0.169689
1784.300049,0.007399,0.158337,0.060511,0.212656,0.005377,0.004892,0.315322,0.01527,0.12232,0.002676,0.18436,0.086092,0.004704,0.005863,0.17221
1789.300049,0.007548,0.157169,0.060777,0.21408,0.007081,0.004822,0.321928,0.013958,0.121049,0.002939,0.182886,0.086522,0.004381,0.006567,0.171576
1794.310059,0.008603,0.166535,0.061703,0.207299,0.005382,0.003935,0.314681,0.015847,0.126938,0.002961,0.206077,0.091878,0.00406,0.007151,0.18357
1799.319946,0.012316,0.164277,0.066057,0.201451,0.006119,0.005029,0.320832,0.016316,0.133771,0.003552,0.200714,0.086236,0.006623,0.006168,0.18684
1804.329956,0.007255,0.167853,0.079337,0.202901,0.012259,0.007143,0.344595,0.019483,0.167619,0.005703,0.205857,0.125671,0.009181,0.01129,0.179568
1809.339966,-0.007831,0.164711,0.079721,0.203849,-0.003145,0.015608,0.362994,0.051423,0.149363,0.007551,0.223787,0.143526,0.007317,0.008959,0.208661
1814.349976,0.071304,0.557102,0.129796,0.680513,0.027725,0.063438,0.772231,0.176891,0.531324,0.020001,0.761938,0.633627,0.05761,0.107183,0.349383
1819.359985,-0.236239,0.650336,1.335056,-0.936173,-0.196978,-0.08052,-1.297334,-0.273932,-0.810417,-0.029954,0.076365,-0.58747,-0.037997,0.025538,1.777105
1824.369995,0.969911,-0.421119,3.689101,5.182923,0.124013,0.26,3.967702,1.359469,8.058073,0.106188,0.476052,5.132735,0.203627,0.159131,1.094066
1829.369995,3.353802,1.138917,20.27,14.745593,0.657571,0.897447,19.640444,8.966389,20.419712,0.514475,25.294655,16.62842,0.850529,0.830498,-4.53673
1834.380005,-0.024002,-0.023905,-0.040648,-0.032191,-0.020611,-0.001918,-0.033794,-0.030307,-0.05389,-0.000138,-0.048578,-0.053849,-0.003571,-0.014579,-0.033615
1839.390015,0.012819,0.03215,0.034857,0.035703,0.007806,0.003841,0.035949,0.028655,0.060002,0.000429,0.060191,0.059757,0.001196,0.014016,0.036615
1844.400024,0.021088,0.854818,0.08744,0.125866,0.007296,0.002295,0.131331,0.001356,0.294784,0.000095,0.227113,0.204865,0.001246,0.00187,0.123362
1849.410034,0.027881,0.049361,0.051442,0.053348,0.00266,0.001366,0.054586,0.040926,0.09271,0.000163,0.093141,0.087473,0.000703,0.009208,0.079616
1854.420044,0.012383,0.031795,0.034485,0.033199,-0.020239,0.00218,0.035346,0.028761,0.058377,0.000148,0.059239,0.059197,0.002466,0.008817,0.035938
1859.430054,0.015221,-0.037154,0.096899,0.09217,0.026099,0.001281,0.093275,0.043583,0.167941,0.000064,0.167186,0.136903,0.001134,0.010461,-0.068643
1864.439941,0.025002,0.173089,0.241547,0.168299,0.001092,0.000324,0.175371,0.06503,0.258867,0.000093,-0.268422,0.319552,0.000957,0.007678,0.555184
1869.439941,0.022004,0.076176,0.083979,0.083793,-0.001038,0.002227,0.081735,0.051924,0.016853,0.000167,0.144856,0.137127,0.000817,0.001349,0.082052
1874.449951,0.012928,0.064134,0.076223,0.068833,0.02261,0.00256,0.073933,0.038074,0.106943,0.000512,0.121143,0.097005,0.000821,0.003997,0.070987
1879.459961,0.022813,0.284959,0.245549,0.254204,0.021307,0.002515,0.402446,0.050704,0.06234,0.000416,0.732769,0.505211,0.001733,0.013334,-0.404433
1884.469971,-0.004177,0.257276,0.298193,0.423723,0.034512,0.004363,0.371338,0.000768,0.817051,0.00059,0.836432,0.615496,0.004453,0.006244,0.247796
1889.47998,0.052676,0.321336,0.403782,0.405853,0.011017,0.012435,0.586744,0.128179,0.590216,0.001772,0.556818,0.585234,0.006822,-0.004476,0.558278
1894.48999,0.039392,0.236762,0.042585,0.29504,0.025972,0.015417,0.640037,0.157214,0.343454,0.002638,0.748505,0.404457,0.000602,0.00871,0.760839
1899.5,0.036858,0.384317,0.06883,0.4736,0.036898,0.005738,0.450957,0.141685,0.054037,0.000911,0.066598,0.413724,0.004782,0.003275,-0.828562
1904.5,0.024134,0.032952,0.041458,0.03683,0.02186,0.001645,0.037398,-0.04533,0.062123,0.000086,0.063708,0.063198,0.001997,0.001953,0.03755
1909.51001,0.025001,0.061952,0.055522,0.055629,0.01367,0.000588,0.05654,0.038514,0.096867,0.000068,0.095379,0.090236,0.000798,0.008634,0.070929
1914.52002,0.059721,0.212289,-0.356382,0.599759,-0.023624,0.00287,0.752436,0.094772,0.880841,0.00128,0.860875,0.456886,0.005017,0.009529,0.113285
1919.530029,0.128767,0.429075,-0.896509,1.040783,0.034783,0.01109,1.068053,-0.024581,1.752797,0.003507,2.24129,0.494576,0.003933,0.042871,0.822525
1924.540039,0.049793,0.095087,0.367024,0.495836,0.015448,0.010614,0.803436,0.109761,1.007466,0.002395,0.819575,0.403006,0.005055,-0.004395,0.03269
1929.550049,0.002526,1.048228,0.169085,0.857884,0.049827,0.034812,0.923437,0.205475,2.061448,0.003537,1.368259,0.873352,0.016139,0.018718,1.079036
1934.560059,0.17739,-0.034638,0.91481,0.569858,0.107045,0.040159,0.607272,0.265853,0.098098,0.011138,0.263327,0.345661,0.015277,-0.010042,0.296441
1939.569946,0.052878,0.006254,-0.006146,0.245345,0.031901,0.012988,0.364467,0.04703,0.128546,0.006395,0.150048,0.121816,0.011631,0.010968,0.122159
1944.569946,0.01051,0.062715,0.078078,0.191258,0.024272,0.005638,0.25472,0.025954,0.079677,0.005244,0.125703,0.081455,0.003927,0.014839,0.070752
1949.579956,0.002339,0.050365,0.035268,0.17945,0.018464,0.00666,0.19973,0.00635,0.056329,0.004886,0.046931,0.073194,0.006093,0.012618,0.077729
1954.589966,0.001101,0.052144,0.049975,0.204506,0.024466,0.006487,0.285205,0.021658,0.040358,0.007782,0.022786,0.04018,0.002827,0.006376,0.057122
1959.599976,0.001989,0.040732,0.036864,0.200194,0.020001,0.008636,0.20394,0.021557,0.029184,0.003283,0.045145,0.036704,0.004147,0.007925,0.048851
1964.609985,0.008782,0.027877,0.022132,0.183682,0.005639,0.005779,0.198989,0.009987,0.019326,0.005779,0.038262,0.030745,0.004024,0.004823,0.048917
1969.619995,0.004974,0.029424,0.028017,0.192381,0.005899,0.004502,0.211037,0.010795,0.018345,0.000441,0.028794,0.030874,0.004837,0.002915,0.049557
1974.630005,0.00366,0.028181,0.02686,0.196326,0.003839,0.003743,0.212136,0.008527,0.016828,0.002515,0.02964,0.031978,0.002704,0.002786,0.049092
1979.630005,0.004396,0.02902,0.024492,0.200312,0.004774,0.004479,0.210453,0.009433,0.01776,0.002927,0.031765,0.030416,0.004181,0.004061,0.053768
1984.640015,0.003621,0.030744,0.024952,0.20341,0.004978,0.004532,0.220516,0.009646,0.017931,0.001453,0.032682,0.030111,0.003054,0.003971,0.052363
1989.650024,0.004844,0.030155,0.027912,0.201995,0.003986,0.004995,0.221264,0.008037,0.018103,0.002136,0.034062,0.030604,0.003402,0.003814,0.053765
1994.660034,0.004676,0.030026,0.026483,0.20506,0.00482,0.004469,0.22459,0.00865,0.019459,0.00318,0.033313,0.031713,0.002704,0.003578,0.058805
1999.670044,0.006846,0.034378,0.023529,0.188246,0.004596,0.003424,0.218491,0.007382,0.023265,0.002054,0.03304,0.033987,0.003706,0.005041,0.057129
2004.680054,0.014244,0.034912,0.04153,0.183918,-0.000491,0.0065,0.226736,0.01663,0.036308,0.006917,0.054816,0.044135,0.004657,0.003955,0.060426
2009.689941,0.008262,0.034002,0.023648,0.187972,0.001911,0.003909,0.226502,0.012804,0.025606,0.00327,0.047237,0.039883,0.006563,-0.000056,0.054476
2014.699951,0.004295,0.038482,0.018256,0.186264,0.005635,0.003673,0.221443,0.014186,0.028772,-0.00029,0.039339,0.036742,0.00464,0.003269,0.056042
2019.699951,0.001887,0.036355,0.025517,0.186387,0.005998,0.005156,0.224737,0.012829,0.02189,0.003036,0.045162,0.035746,0.00211,0.003817,0.059065
2024.709961,0.00586,0.037768,0.027007,0.195957,0.005811,0.00402,0.230939,0.009565,0.022651,0.002522,0.043024,0.033833,0.003052,0.003444,0.064543
2029.719971,0.004921,0.038635,0.028023,0.200615,0.005082,0.004277,0.227931,0.009711,0.022507,0.003069,0.043187,0.032818,0.003756,0.00398,0.063818
2034.72998,0.00368,0.040124,0.027192,0.206731,0.004827,0.004489,0.228335,0.008943,0.022493,0.002439,0.044593,0.034597,0.003498,0.004131,0.063011
2039.73999,0.004646,0.040955,0.029111,0.2031,0.005216,0.004806,0.220886,0.008559,0.024066,0.002475,0.044809,0.034681,0.003277,0.004544,0.06635
2044.75,0.003659,0.042889,0.029416,0.206414,0.00344,0.004065,0.219985,0.00885,0.025164,0.002598,0.046884,0.035252,0.004004,0.005089,0.067254
2049.76001,0.003559,0.043402,0.028641,0.20142,0.00571,0.003846,0.213809,0.008105,0.026389,0.003073,0.048678,0.033813,0.003668,0.004022,0.066308
2054.76001,0.004226,0.044749,0.030381,0.193607,0.005142,0.003184,0.210255,0.007753,0.026494,0.001585,0.051304,0.035217,0.002877,0.003952,0.069418
2059.77002,0.003264,0.045468,0.028215,0.203579,0.005747,0.00426,0.208525,0.007852,0.028412,0.002256,0.052092,0.036383,0.003814,0.003923,0.067818
2064.780029,0.005508,0.048002,0.02953,0.195844,0.005487,0.004032,0.203878,0.008671,0.029895,0.002809,0.053961,0.036462,0.003978,0.004802,0.07091
2069.790039,0.00389,0.048306,0.028651,0.197304,0.003397,0.004042,0.204741,0.009193,0.031419,0.002352,0.05688,0.036592,0.00385,0.003839,0.070603
2074.800049,0.004093,0.05106,0.028691,0.200542,0.004387,0.004379,0.202057,0.009743,0.032876,0.002263,0.058286,0.036801,0.0039,0.0044,0.07191
2079.810059,0.005817,0.052287,0.028195,0.202009,0.004656,0.003966,0.201775,0.009716,0.032899,0.001648,0.060999,0.035682,0.004,0.004236,0.071739
2084.820068,0.004844,0.054169,0.028529,0.200132,0.00519,0.004428,0.201273,0.009028,0.032523,0.002152,0.062723,0.036954,0.003843,0.004924,0.073681
2089.830078,0.00397,0.054108,0.029026,0.203144,0.004908,0.004518,0.199475,0.009617,0.034881,0.002536,0.063904,0.036528,0.004549,0.004231,0.073172
2094.830078,0.005177,0.056998,0.029061,0.202661,0.005013,0.004021,0.198965,0.009054,0.036121,0.00277,0.067649,0.037123,0.003908,0.004736,0.075388
2099.840088,0.005193,0.057088,0.028575,0.201687,0.004604,0.00499,0.198495,0.009558,0.036235,0.003139,0.069291,0.037099,0.003195,0.004268,0.077262
2104.850098,0.004623,0.058541,0.029629,0.202033,0.005762,0.004286,0.197334,0.009738,0.037783,0.002285,0.070833,0.037783,0.0038,0.004216,0.07779
2109.860107,0.004198,0.060046,0.030519,0.202597,0.004878,0.005225,0.198099,0.009132,0.038846,0.003123,0.07152,0.037408,0.004009,0.004822,0.079848
2114.870117,0.004419,0.060546,0.03046,0.20442,0.004486,0.004356,0.196721,0.009606,0.040644,0.002232,0.075119,0.037603,0.004592,0.004327,0.08135
2119.879883,0.004236,0.061468,0.029099,0.204483,0.00434,0.003833,0.197758,0.010366,0.042372,0.003231,0.075461,0.037476,0.004245,0.004384,0.081801
2124.889893,0.004406,0.063096,0.029871,0.202068,0.004588,0.004196,0.200205,0.00981,0.041881,0.002171,0.077706,0.038218,0.003946,0.005143,0.082769
2129.889893,0.005377,0.063791,0.031118,0.199939,0.004795,0.005307,0.201259,0.00941,0.042649,0.002315,0.079444,0.038962,0.004106,0.005144,0.084422
2134.899902,0.005182,0.063745,0.030513,0.200149,0.004638,0.004622,0.199397,0.009784,0.043723,0.002756,0.080586,0.039693,0.004289,0.005348,0.084467
2139.909912,0.004692,0.065624,0.030817,0.198795,0.00421,0.004743,0.198978,0.009651,0.045719,0.00322,0.082922,0.040508,0.004241,0.004851,0.083873
2144.919922,0.004994,0.066064,0.030837,0.197299,0.003737,0.004348,0.201602,0.009906,0.045866,0.002781,0.083156,0.040361,0.004236,0.00548,0.084646
2149.929932,0.004899,0.066096,0.031803,0.197406,0.005447,0.004889,0.202892,0.009861,0.047252,0.002788,0.085118,0.040344,0.004154,0.004823,0.086216
2154.939941,0.004182,0.067617,0.031618,0.193743,0.004222,0.005166,0.205705,0.009923,0.04866,0.002611,0.08684,0.042208,0.004167,0.004592,0.08812
2159.949951,0.005488,0.068911,0.031187,0.191933,0.005039,0.004663,0.205501,0.010127,0.048966,0.003677,0.087791,0.04266,0.004751,0.00459,0.089221
2164.959961,0.004758,0.068828,0.031516,0.19124,0.005203,0.004724,0.207664,0.009447,0.048998,0.002997,0.08687,0.04284,0.003281,0.004199,0.090999
2169.959961,0.005016,0.070789,0.034063,0.190415,0.003476,0.004435,0.207071,0.009822,0.050005,0.002096,0.087376,0.042145,0.003444,0.00543,0.089097
2174.969971,0.003814,0.070959,0.03307,0.189895,0.003984,0.004543,0.208618,0.010464,0.050549,0.002722,0.09039,0.043282,0.004196,0.00584,0.092086
2179.97998,0.005364,0.072448,0.032358,0.190061,0.002746,0.004477,0.212238,0.010144,0.052414,0.002435,0.091883,0.044684,0.004598,0.004986,0.092939
2184.98999,0.003373,0.072971,0.034105,0.190628,0.005282,0.004525,0.214748,0.010353,0.053555,0.002882,0.094583,0.044834,0.004018,0.004434,0.095903
2190,0.004475,0.07411,0.034467,0.187427,0.004302,0.005475,0.21564,0.010877,0.054449,0.003881,0.094325,0.044374,0.004432,0.003209,0.094921
2195.01001,0.005099,0.074314,0.032835,0.187442,0.004568,0.004982,0.213189,0.009496,0.054396,0.002402,0.094895,0.046284,0.003288,0.004988,0.094957
2200.02002,0.005547,0.075557,0.034818,0.180392,0.00489,0.004633,0.21399,0.009253,0.05357,0.002836,0.094296,0.045571,0.003631,0.004469,0.09451
2205.02002,0.004684,0.076219,0.033747,0.178833,0.004821,0.005003,0.215267,0.010145,0.053429,0.002914,0.096188,0.045538,0.004458,0.005983,0.094981
2210.030029,0.004476,0.076604,0.034213,0.178766,0.004277,0.005209,0.218308,0.009778,0.054076,0.003274,0.094001,0.047193,0.003943,0.005962,0.096203
2215.040039,0.005581,0.076572,0.034789,0.182032,0.005676,0.004418,0.215338,0.009908,0.05374,0.003353,0.094373,0.047277,0.003775,0.005369,0.096772
2220.050049,0.004845,0.076289,0.03274,0.187701,0.004993,0.003773,0.21636,0.010389,0.054119,0.00217,0.097534,0.046282,0.003809,0.005147,0.097118
2225.060059,0.004309,0.075812,0.033591,0.186588,0.004227,0.004734,0.213189,0.00999,0.055631,0.002349,0.094251,0.045674,0.004185,0.005588,0.09538
2230.070068,0.00515,0.076352,0.032201,0.184161,0.003822,0.004902,0.210799,0.010156,0.053797,0.003226,0.093657,0.04461,0.004853,0.005145,0.095002
2235.080078,0.004449,0.07496,0.033036,0.184297,0.003818,0.005586,0.204906,0.00938,0.052693,0.004249,0.092207,0.043802,0.003818,0.004001,0.092234
2240.090088,0.005227,0.074021,0.031118,0.183021,0.00449,0.00508,0.198766,0.009439,0.051881,0.002578,0.092416,0.042077,0.003571,0.005562,0.089969
2245.090088,0.004236,0.074068,0.030261,0.18089,0.006,0.004431,0.193992,0.009627,0.052869,0.002794,0.089227,0.042509,0.00439,0.00422,0.088867
2250.100098,0.005042,0.072335,0.028949,0.180374,0.003923,0.0039,0.187669,0.008808,0.051133,0.002832,0.091136,0.039664,0.004347,0.003675,0.083882
2255.110107,0.003841,0.070257,0.030176,0.177784,0.003515,0.004665,0.182208,0.009795,0.050066,0.002299,0.085993,0.039285,0.003386,0.004672,0.082873
2260.120117,0.003894,0.068684,0.02832,0.178292,0.004846,0.004765,0.178471,0.009512,0.04832,0.003287,0.083924,0.037587,0.004321,0.00481,0.080143
2265.129883,0.005767,0.066978,0.029339,0.176267,0.004274,0.004131,0.173131,0.00906,0.048127,0.002449,0.080786,0.035452,0.003253,0.004659,0.077175
2270.139893,0.004793,0.064717,0.026628,0.172672,0.00349,0.004242,0.169958,0.009237,0.044053,0.003366,0.079383,0.035008,0.00411,0.003958,0.07731
2275.149902,0.002842,0.062262,0.027312,0.17177,0.004041,0.002843,0.165463,0.00946,0.044235,0.002455,0.076204,0.033775,0.003997,0.004173,0.073905
2280.149902,0.004132,0.062526,0.026147,0.170032,0.004653,0.004858,0.166358,0.008837,0.042112,0.00162,0.076556,0.034162,0.003572,0.003473,0.072974
2285.159912,0.004398,0.060056,0.026466,0.171153,0.0033,0.003268,0.166341,0.008723,0.040693,0.002547,0.073489,0.034337,0.004243,0.004517,0.071564
2290.169922,0.005156,0.058733,0.025202,0.167959,0.003327,0.003962,0.164306,0.008217,0.039097,0.003465,0.072505,0.033127,0.00392,0.003845,0.070889
2295.179932,0.003765,0.056985,0.024718,0.166231,0.003581,0.00502,0.160907,0.00929,0.040146,0.002795,0.071671,0.032519,0.004492,0.003756,0.068636
2300.189941,0.002951,0.056103,0.023773,0.165218,0.002337,0.003711,0.15922,0.008892,0.03804,0.001764,0.068621,0.031669,0.00399,0.004285,0.066496
2305.199951,0.003744,0.05267,0.024362,0.163273,0.004182,0.004419,0.157237,0.007983,0.037162,0.002887,0.066214,0.030573,0.003283,0.005499,0.062609
2310.209961,0.004919,0.052868,0.024441,0.163734,0.003724,0.004212,0.156122,0.008311,0.035815,0.001931,0.065075,0.030716,0.00254,0.004656,0.06488
2315.219971,0.004271,0.051641,0.02389,0.161403,0.004537,0.004098,0.153474,0.007615,0.033416,0.004182,0.065164,0.029265,0.004454,0.004152,0.064059
2320.219971,0.00232,0.050701,0.021542,0.156403,0.004429,0.003654,0.153996,0.00754,0.034409,0.001724,0.063585,0.029851,0.003524,0.004058,0.061312
2325.22998,0.002763,0.05058,0.021855,0.162826,0.004007,0.004301,0.151599,0.008089,0.033376,0.003623,0.060774,0.02893,0.004069,0.003358,0.062421
2330.23999,0.003004,0.04909,0.024175,0.160956,0.002735,0.004634,0.151127,0.007708,0.032404,0.001659,0.060401,0.02883,0.003906,0.004948,0.061721
2335.25,0.004065,0.048389,0.021036,0.161903,0.002003,0.003751,0.153637,0.007204,0.030845,0.002525,0.058886,0.029294,0.004152,0.003286,0.059095
2340.26001,0.005178,0.047845,0.022962,0.153283,0.002895,0.003762,0.149801,0.007756,0.031759,0.003634,0.054901,0.028664,0.002031,0.003967,0.059567
2345.27002,0.004396,0.047505,0.020694,0.154198,0.00342,0.00345,0.153068,0.006888,0.02915,0.002487,0.055537,0.027089,0.002455,0.005794,0.058312
2350.280029,0.004186,0.044293,0.02113,0.151197,0.003929,0.004533,0.150682,0.007129,0.027868,0.001421,0.052381,0.028467,0.003258,0.004192,0.059071
2355.280029,0.004169,0.044107,0.021527,0.154094,0.0026,0.003358,0.146857,0.008189,0.027472,0.002777,0.048938,0.028822,0.004455,0.002766,0.056456
2360.290039,0.004562,0.041567,0.022468,0.154384,0.00519,0.003142,0.148712,0.007244,0.025456,0.00189,0.047202,0.025922,0.003365,0.002861,0.054833
2365.300049,0.00119,0.040505,0.022782,0.1495,0.002529,0.004702,0.151065,0.006287,0.023833,0.001818,0.048874,0.026384,0.003083,0.0059,0.056174
2370.310059,0.005742,0.037443,0.019557,0.145299,0.004652,0.002792,0.142009,0.006823,0.02769,0.002508,0.049142,0.027021,0.00319,0.001967,0.050509
2375.320068,0.004157,0.039118,0.019471,0.148673,0.002412,0.00473,0.147773,0.00739,0.025222,0.003742,0.044073,0.028287,0.002412,0.001701,0.051167
2380.330078,0.00436,0.039287,0.022025,0.144958,0.005634,0.004652,0.145593,0.005879,0.026368,0.001433,0.048975,0.028481,0.003656,0.003383,0.05081
2385.340088,0.004093,0.03973,0.017422,0.143152,0.004952,0.002762,0.144402,0.009195,0.022913,0.002453,0.043861,0.023499,0.002147,0.005228,0.049345
2390.350098,0.006153,0.037159,0.02116,0.141822,0.003562,0.002549,0.145509,0.005803,0.021188,0.0033,0.037724,0.028213,0.003193,0.00379,0.052408
2395.350098,0.00359,0.03477,0.024374,0.141175,0.00256,0.00318,0.142868,0.005118,0.023773,0.004507,0.039954,0.024791,0.003691,0.001419,0.050101
2400.360107,0.004951,0.034858,0.023261,0.139643,0.001189,0.002833,0.141358,0.0059,0.022262,0.000754,0.040791,0.023578,0.002781,0.004055,0.05014
2405.370117,0.004272,0.032662,0.01968,0.136262,0.005782,0.003346,0.136514,0.007227,0.022446,0.001187,0.034726,0.024214,0.002363,0.001859,0.050135
2410.379883,0.002363,0.033641,0.01979,0.139718,0.00232,0.003138,0.132955,0.006018,0.021053,0.003273,0.033904,0.024548,0.002855,0.00254,0.04787
2415.389893,0.001638,0.034342,0.018336,0.129742,0.005759,0.00097,0.129416,0.008298,0.022541,0.001694,0.037265,0.027953,0.003152,0.003883,0.048836
2420.399902,0.005396,0.030536,0.014954,0.127922,0.006383,0.005082,0.136869,0.007951,0.021122,0.003718,0.033954,0.024516,0.005012,0.001443,0.042689
2425.409912,0.003691,0.028549,0.018427,0.128908,0.003108,0.004616,0.126827,0.004581,0.019875,0.00137,0.031741,0.023241,0.003879,0.004793,0.041174
2430.409912,0.005178,0.027262,0.018523,0.127352,0.002733,0.004213,0.121446,0.006864,0.018302,0.002111,0.030491,0.020236,0.00268,0.002893,0.040672
2435.419922,0.000555,0.027544,0.016872,0.121458,0.00148,0.007616,0.116732,0.006714,0.016459,0.004636,0.030251,0.019988,0.003112,0.002685,0.045786
2440.429932,0.003739,0.023297,0.017168,0.123855,0.003702,0.004795,0.113483,0.008032,0.016357,0.002463,0.029414,0.01743,0.003368,0.006763,0.034584
2445.439941,0.00327,0.029015,0.023167,0.115432,0.006324,0.006384,0.112473,0.007711,0.017024,0.001214,0.03248,0.015562,0.003442,0.00368,0.040771
2450.449951,0.005939,0.028978,0.004819,0.117878,0.005806,0.002522,0.109582,0.007571,0.022611,0.003458,0.042589,0.024529,0.004809,0.003392,0.041071
2455.459961,0.004165,0.018832,0.015884,0.110839,0.002346,0.00237,0.095745,0.007713,0.01289,0.002181,0.0256,0.021098,0.00365,0.005473,0.032415
2460.469971,0.001067,0.019201,0.014138,0.105987,0.000606,0.003679,0.095722,0.006839,0.020244,0.002012,0.025752,0.020238,0.002627,0.001679,0.030552
2465.47998,0.000351,0.025824,0.018354,0.106447,0.005728,0.004083,0.092012,0.006341,0.022181,0.002655,0.026481,0.019811,0.00546,0.00447,0.031269
2470.47998,0.005867,0.025424,0.011023,0.100596,0.007431,0.006141,0.09548,0.011417,0.014378,0.002345,0.037222,0.020853,0.004162,0.008805,0.026689
2475.48999,0.014208,0.03061,0.013386,0.096498,0.001714,0.007155,0.10168,0.008001,0.022672,0.005009,0.028981,0.031475,0.00388,0.006248,0.035411
2480.5,-0.009626,0.042319,0.062382,0.110436,0.021045,0.01437,0.077521,0.009964,0.044337,0.0117,0.046774,0.04624,0.010712,0.009229,0.043707
2485.51001,0.030156,0.1722,0.056556,0.152025,0.05044,0.026142,0.378742,0.050661,0.145731,0.006156,0.15178,0.175701,0.020261,0.008831,0.157825
2490.52002,0.045586,0.416085,0.342141,0.382004,0.077212,0.029478,0.584793,0.071505,0.354964,0.014043,0.672509,0.704981,0.019798,0.033115,0.147691
2495.530029,0.029349,0.118767,0.040797,0.156188,0.029588,0.012263,0.245005,0.025449,0.150549,0.007963,0.168632,0.161817,0.018166,-0.010717,0.081429
2500.540039,0.004687,0.076037,0.025915,0.11218,0.015997,0.006844,0.138897,0.024148,0.111691,0.008225,0.104613,0.071851,0.005456,0.001959,0.04776
